{
  "best_model_name": "random_forest",
  "best_model_f1_macro": 0.9917,
  "models": {
    "logistic_regression": {
      "accuracy": 0.9167,
      "precision_macro": 0.9184,
      "recall_macro": 0.9167,
      "f1_macro": 0.9171,
      "best_params": {
        "classifier__C": 1.0
      },
      "classification_report": {
        "emergency": {
          "precision": 1.0,
          "recall": 0.9625,
          "f1-score": 0.9808917197452229,
          "support": 80.0
        },
        "normal": {
          "precision": 0.8705882352941177,
          "recall": 0.925,
          "f1-score": 0.896969696969697,
          "support": 80.0
        },
        "warning": {
          "precision": 0.8846153846153846,
          "recall": 0.8625,
          "f1-score": 0.8734177215189873,
          "support": 80.0
        },
        "accuracy": 0.9166666666666666,
        "macro avg": {
          "precision": 0.9184012066365007,
          "recall": 0.9166666666666666,
          "f1-score": 0.917093046077969,
          "support": 240.0
        },
        "weighted avg": {
          "precision": 0.9184012066365008,
          "recall": 0.9166666666666666,
          "f1-score": 0.9170930460779692,
          "support": 240.0
        }
      },
      "confusion_matrix": [
        [
          74,
          6,
          0
        ],
        [
          11,
          69,
          0
        ],
        [
          0,
          3,
          77
        ]
      ]
    },
    "decision_tree": {
      "accuracy": 0.9542,
      "precision_macro": 0.9556,
      "recall_macro": 0.9542,
      "f1_macro": 0.9544,
      "best_params": {
        "classifier__max_depth": null,
        "classifier__min_samples_split": 2
      },
      "classification_report": {
        "emergency": {
          "precision": 0.9736842105263158,
          "recall": 0.925,
          "f1-score": 0.9487179487179487,
          "support": 80.0
        },
        "normal": {
          "precision": 0.9873417721518988,
          "recall": 0.975,
          "f1-score": 0.9811320754716981,
          "support": 80.0
        },
        "warning": {
          "precision": 0.9058823529411765,
          "recall": 0.9625,
          "f1-score": 0.9333333333333333,
          "support": 80.0
        },
        "accuracy": 0.9541666666666667,
        "macro avg": {
          "precision": 0.9556361118731304,
          "recall": 0.9541666666666666,
          "f1-score": 0.9543944525076601,
          "support": 240.0
        },
        "weighted avg": {
          "precision": 0.9556361118731304,
          "recall": 0.9541666666666667,
          "f1-score": 0.9543944525076602,
          "support": 240.0
        }
      },
      "confusion_matrix": [
        [
          78,
          2,
          0
        ],
        [
          1,
          77,
          2
        ],
        [
          0,
          6,
          74
        ]
      ]
    },
    "random_forest": {
      "accuracy": 0.9917,
      "precision_macro": 0.9919,
      "recall_macro": 0.9917,
      "f1_macro": 0.9917,
      "best_params": {
        "classifier__max_depth": null,
        "classifier__min_samples_leaf": 1,
        "classifier__min_samples_split": 2
      },
      "classification_report": {
        "emergency": {
          "precision": 1.0,
          "recall": 0.9875,
          "f1-score": 0.9937106918238994,
          "support": 80.0
        },
        "normal": {
          "precision": 1.0,
          "recall": 0.9875,
          "f1-score": 0.9937106918238994,
          "support": 80.0
        },
        "warning": {
          "precision": 0.975609756097561,
          "recall": 1.0,
          "f1-score": 0.9876543209876543,
          "support": 80.0
        },
        "accuracy": 0.9916666666666667,
        "macro avg": {
          "precision": 0.991869918699187,
          "recall": 0.9916666666666667,
          "f1-score": 0.991691901545151,
          "support": 240.0
        },
        "weighted avg": {
          "precision": 0.9918699186991871,
          "recall": 0.9916666666666667,
          "f1-score": 0.991691901545151,
          "support": 240.0
        }
      },
      "confusion_matrix": [
        [
          79,
          1,
          0
        ],
        [
          0,
          80,
          0
        ],
        [
          0,
          1,
          79
        ]
      ]
    }
  }
}